num. ordine,num. ordine questionario,Acronimovariabile,Denominazione Variabile,Questionario,Dataset,Note,category_1,category_2,category_3
1,1,NQUEST,N° famiglia,A,carcom22,,demographics,keys,
2,2,QUEST,Questionario relativo al campione,A,carcom22,,demographics,keys,
3,3,NORD,N° d’ordine del componente,A,carcom22,,demographics,keys,
4,4,NORDP,N° d’ordine indagine 2021 ,A,carcom22,,demographics,keys,
5,5,NQUESTP,Nuova famiglia formata da un componente panel (ex PANEL),A,carcom22,,demographics,,
6,6,CONTINT,Contatti fatti per effettuare questa intervista ,A,carcom22,,demographics,,
7,A00,NCOMP,N° persone che vivevano in questa famiglia da 0 anni in su al 31-12-2022 ,A,carcom22,,demographics,,
8,A01,SEX,Genere,A,carcom22,,demographics,,
9,A02,PARENT,Posizione nella famiglia ,A,carcom22,,demographics,,
10,A04,ANASC,Anno di nascita ,A,carcom22,,demographics,,
11,A06,CIT,Cittadinanza italiana ,A,carcom22,,demographics,,
12,A07,ANINGR,Anno di ingresso in Italia ,A,carcom22,,demographics,,
13,A08,MOTIV,Motivo per il quale si è stabilito in Italia ,A,carcom22,,demographics,,
14,A09,MOTENT,Motivo per il quale è entrato nella famiglia nel 2021 o 2022,A,carcom22,,demographics,,
15,A10,MOTUSC,Motivo per il quale è uscito dalla famiglia nel 2021 o 2022,A,carcom22,,demographics,,
16,A12,ANNOENUS,Anno in cui è entrato/uscito dalla famiglia ,A,carcom22,,demographics,,
17,A13,STACIV,Stato civile,A,carcom22,,demographics,,
18,A14,STUDIO,Titolo di studio,A,carcom22,,education,demographics,
19,A15,TIPOLAU,Ambito laurea o diploma universitario/laurea triennale,A,carcom22,,education,,
20,A16,VOTOEDU,Punteggio di diploma/laurea,A,carcom22,La variabile A16 si compone delle tre variabili VOTOEDU/SUEDU SELODE,education,,
21,A16,SUEDU,massimo punteggio possibile di diploma/laurea,A,carcom22,La variabile A16 si compone delle tre variabili VOTOEDU/SUEDU SELODE,education,,
22,A16,SELODE,Ha ottenuto lode per diploma/laurea,A,carcom22,La variabile A16 si compone delle tre variabili VOTOEDU/SUEDU SELODE,education,,
23,A17,ANNOEDU,Anno di diploma/laurea,A,carcom22,,education,,
24,A18,TIPODIP,Tipo di diploma di scuola media superiore ,A,carcom22,,education,,
25,A19,PRESNORD,É presente durante l’intervista ,A,carcom22,,other,,
26,A20a,STUPCF,Quale era il titolo di studio quando aveva la Sua età? (se il genitore era deceduto riferirsi al momento prima del decesso): padre di P.R.,A,carcom22,,education,demographics,
27,A20b,STUMCF,Quale era il titolo di studio quando aveva la Sua età? (se il genitore era deceduto riferirsi al momento prima del decesso): madre di P.R.,A,carcom22,,education,demographics,
28,A20c,STUPCO,Quale era il titolo di studio quando aveva la Sua età? (se il genitore era deceduto riferirsi al momento prima del decesso): padre di coniuge/convivente di P.R.,A,carcom22,,education,demographics,
29,A20d,STUMCO,Quale era il titolo di studio quando aveva la Sua età? (se il genitore era deceduto riferirsi al momento prima del decesso): madre di coniuge/convivente di P.R.,A,carcom22,,education,demographics,
30,A21a,CITPCF,Quando aveva la Sua età aveva la cittadinanza italiana: padre di P.R.,A,carcom22,,demographics,,
31,A21b,CITMCF,Quando aveva la Sua età aveva la cittadinanza italiana: madre P.R.,A,carcom22,,demographics,,
32,A21c,CITPCO,Quando aveva la Sua età aveva la cittadinanza italiana: padre di coniuge/convivente P.R.,A,carcom22,,demographics,,
33,A21d,CITMCO,Quando aveva la Sua età aveva la cittadinanza italiana: madre di coniuge/convivente P.R.,A,carcom22,,demographics,,
34,A23,VITGEN,(Se i genitori non sono già tutti presenti nella composizione familiare) Lei (e il suo coniuge/convivente) aveva (avevate) genitori (ancora in vita) che non abitavano con Voi al 31-12-2022?,A,carcom22,,demographics,housing,
35,A24,NGEN,Numero genitori,A,carcom22,Se “Sì” a A23,demographics,,
36,A25,FIGLI,Lei (e il suo coniuge/convivente) aveva/avevate figli che non abitavano con Voi al 31-12-2022? ,A,carcom22,,demographics,housing,
37,A26,NFIGLI,Numero figli,A,carcom22,Se “Sì” a A25,demographics,,
38,A27,PARNOIT,(Se coniuge/convivente del P.R. non presente e P.R. non vedovo/vedova) Lei ha un coniuge/partner che vive permanentemente fuori dall’Italia?,A,carcom22,,demographics,,
39,A28,ANCONV,(Se P.R. sposato o convivente) In che anno Lei e il Suo coniuge/convivente avete iniziato a vivere insieme?,A,carcom22,,demographics,housing,
40,B01,B01,Nel 2022 era occupato o no? Cioè aveva un'attività retribuita? Consideri la condizione prevalente nel 2022,B,carcom22,,labour_market,earnings,
41,B01a,APQUAL2,Qualifica occupazione,B,carcom22,,labour_market,,
42,B02,ASNONOC2,Prima di essere pensionato o disoccupato che attività aveva?,B,carcom22,Se “disoccupato” o “pensionato da lavoro” a B01,labour_market,transfer_income,unemployment
43,B03,NACE2,Indicare il settore di attività dell’azienda nella quale prestava la propria attività.,B,carcom22,Se “disoccupato” o “pensionato da lavoro” a B01,labour_market,,
44,B04,NESPLAV,"Consideri tutte le attività, anche saltuarie, svolte fino al 31-12-2022 (nella vita): quante attività (datori di lavoro o professioni) ha avuto, considerando anche quella eventualmente in corso al 31-12-2022?",B,carcom22,,labour_market,,
45,B05,ETALAV,Quanti anni aveva quando ha iniziato a lavorare? (fare riferimento alla prima attività svolta),B,carcom22,,labour_market,demographics,
46,B06,DISLAV,"Consideri tutta la Sua vita lavorativa. Dopo che ha iniziato la Sua prima attività, è mai accaduto che rimanesse senza lavoro pur cercandolo attivamente per un anno o per la gran parte di un anno (più di sei mesi)?",B,carcom22,,unemployment,labour_market,
47,B07a,DISANN1,Per quanti anni?,B,carcom22,Se “Sì” a B06,unemployment,labour_market,
48,B07b,DISANN2,"Consideri tutta la Sua vita lavorativa. Dopo che ha iniziato la Sua prima attività, per quanti anni Le è accaduto di rimanere senza lavoro pur cercandolo attivamente?",B,carcom22,Se “disoccupato” a B01,unemployment,labour_market,
49,B08,CONTRIB,"Considerando tutta la storia lavorativa, ha mai versato, o il datore di lavoro ha versato, anche per un breve periodo (anche lontano nel tempo) contributi per la pensione?",B,carcom22,,transfer_income,labour_market,
50,B09a,ACONTRIB,Per quanti anni ha versato contributi (includendo anche quelli riscattati)?,B,carcom22,Se “Sì” a B08,transfer_income,labour_market,
51,B09b,FCONTRIB,"Di questi anni quanti sono riscattati o figurativi (per servizio militare, riscatto della laurea, mobilità, maternità, disoccupazione, CIG)?",B,carcom22,Se “Sì” a B08,transfer_income,labour_market,
52,B10,OCCNOW,In questo momento è occupato?,B,carcom22,,labour_market,demographics,unemployment
53,B11a,SALMIN,"Se nel corso dei prossimi 12 mesi farà qualche cosa per cercare un'occupazione (anche temporanea) o per cambiare lavoro, quale è il salario minimo orario netto che richiede per accettare un’offerta di lavoro?",B,carcom22,"Se non “pensionato da lavoro” e non “pensionato non da lavoro” a B01 e se il componente è presente, “Sì” a A19",labour_market,earnings,
54,B11b,SALMIN1,Non cercherà un’occupazione o di cambiare Lavoro,B,carcom22,"Se non “pensionato da lavoro” e non “pensionato non da lavoro” a B01 e se il componente è presente, “Sì” a A19",labour_market,unemployment,
55,B12,SMARTW2,Svolge almeno parte del suo lavoro da remoto (ad esempio a casa)?,B,carcom22,Se “Sì” a B10,labour_market,,
56,B13,SMARTWB,"In un mese normale, quanti giorni al mese lavora da remoto?",B,carcom22,Se “Sì” a B12,labour_market,,
57,B14,ETAPEN,A che età prevede di andare (o è andato nel frattempo) in pensione?,B,carcom22,Se “Sì” a A19,labour_market,transfer_income,demographics
58,B15,COPPU,"Pensi al momento in cui andrà/è andato in pensione e consideri solo la pensione pubblica, cioè escluda eventuali fondi pensione e pensioni integrative. Quale percentuale rappresenterà/rappresenta la pensione pubblica di rispetto alle Sue entrate da lavoro al momento del pensionamento?",B,carcom22,Se “Sì” a A19,labour_market,transfer_income,earnings
59,B16,B16,"Nel 2022 ha percepito un reddito da lavoro dipendente a tempo pieno o parziale, continuativo o saltuario?",B,carcom22,Se ha almeno 15 anni,labour_market,earnings,
60,B17A,B17A,Nel 2022 ha percepito un reddito da lavoro indipendente come amministratore/gestore di una impresa di cui non è socio,B,carcom22,Se ha almeno 15 anni,labour_market,earnings,
61,B17B,B17B,"Nel 2022 ha percepito un reddito da lavoro indipendente come libero professionista, imprenditore individuale, lavoratore in proprio (ad es. artigiano), titolare, socio-gestore di una società o di una cooperativa, coadiuvante non alle dipendenze nella ditta di un familiare convivente",B,carcom22,Se ha almeno 15 anni,labour_market,earnings,
62,B17C,B17C,"Nel 2022 ha percepito un reddito da lavoro indipendente come lavoratore atipico (lavoro parasubordinato, collaborazioni occasionali, lavoro accessorio, coadiuvante non alle dipendenze nella ditta di un familiare non convivente o di un amico, etc.…)",B,carcom22,Se ha almeno 15 anni,labour_market,earnings,
63,B18,B18,"Nel 2022 ha percepito redditi da pensioni da lavoro (vecchiaia, anzianità, anticipata), invalidità, sociale, di reversibilità o pensioni integrative da previdenza complementare o assicurazioni private? Escluda la pensione di cittadinanza.",B,carcom22,,transfer_income,,
64,B19A,B19A,"Nel 2022 ha percepito Cassa integrazione (incluso l’assegno ordinario di integrazione salariale), indennità di mobilità o di disoccupazione o liquidazioni da lavoro",B,carcom22,Se ha almeno 15 anni,transfer_income,,
65,B19B,B19B,"Nel 2022 ha percepito Assistenza economica di qualsiasi natura da enti pubblici o privati (ad esempio indennità di accompagnamento per persone disabili, etc.). Escluda il reddito/pensione di cittadinanza, il bonus asilo nido e l’assegno unico e universale per i figli a carico.",B,carcom22,,transfer_income,,
66,B19C,B19C,"Nel 2022 ha percepito Borse di studio, regali/contributi in denaro da parenti o amici non conviventi, assegni per alimenti, contributi in denaro da parte di assicurazioni (per furti o infortuni) o altre entrate",B,carcom22,,transfer_income,,
67,B20,ATTIVP,Attività lavorativa principale tra le attività lavorative che ha indicato,B,carcom22,"Risposte codificate negli allegati B1, B2, B3",labour_market,,
68,B22,NACE,Settore di attività dell’azienda nella quale presta/prestava la propria attività lavorativa principale.,B,carcom22,,labour_market,,
69,B23,ETALAV2,Quanti anni aveva quando ha iniziato a svolgere la propria attività lavorativa principale?,B,carcom22,"Se ha svolto più di un’attività a B04, oppure ha più di un allegato da lavoro",labour_market,demographics,
70,B24,RDC,Nel 2022 la Sua famiglia ha ricevuto il Reddito/Pensione di Cittadinanza?,B,,,transfer_income,,
71,B25,RDCMESI01...12,Per quali mesi dell’anno ha ricevuto il Reddito/Pensione di Cittadinanza?,B,,Se “Sì” a B24,transfer_income,,
72,B25A,PDC,Ha ricevuto il Reddito o la Pensione di Cittadinanza,B,,Se “Sì” a  B24,transfer_income,,
73,B26,AUU,Nel 2022 la Sua famiglia ha ricevuto l’Assegno unico e universale per i figli?,B,,Solo alle famiglie con figli,transfer_income,,
74,B27,AUUMESI3...12,Per quali mesi dell’anno ha ricevuto il Reddito/Pensione di Cittadinanza?,B,,Se “Sì” a B26,transfer_income,,
75,B28,RDCVAR,"Nel 2022, l’importo mensile ricevuto per il Reddito/Pensione di Cittadinanza ha subito variazioni?",B,,Se “Sì” a B24 e “No” a B26,transfer_income,,
76,B29,RDCAMM,Indicare l’importo mensile ricevuto per il Reddito/Pensione di Cittadinanza,B,,Se “No” a B28,transfer_income,,
77,B30,RDCAMM1…12,Indicare l’ammontare di Reddito/Pensione di Cittadinanza ricevuto per ogni mese.,B,,Se “Sì” a B28,transfer_income,,
78,B31,AUUVAR,"Nel 2022, l’importo mensile ricevuto per l’Assegno unico e universale ha subito variazioni?",B,,Se “No” a B24 e “Sì” a B26,transfer_income,,
79,B32,AUUAMM,Indicare l’importo mensile ricevuto per l’Assegno unico e universale,B,,Se “No” a B31,transfer_income,,
80,B33,AUUAMM3…12,Indicare l’ammontare dell’Assegno unico e universale ricevuto per ogni mese,B,,Se “Sì” a B31,transfer_income,,
81,B34,RDCAUU1…12,Indicare l’ammontare complessivo di Reddito/Pensione di Cittadinanza e Assegno unico e universale ricevuto per ogni mese,B,,Se “Sì” a B24 e “Sì” a B26,transfer_income,,
82,B35A,RDCPAT1,"Durante il periodo di percezione del Reddito/Pensione di Cittadinanza (anche in anni precedenti al 2022), Lei o qualche altro membro della Sua famiglia ha sottoscritto il Patto per il lavoro presso il Centro per l’impiego",B,,Se “Sì” a B24,transfer_income,,
83,B35B,RDCPAT2,"Durante il periodo di percezione del Reddito/Pensione di Cittadinanza (anche in anni precedenti al 2022), Lei o qualche altro membro della Sua famiglia ha partecipato ad iniziative formative o attività finalizzate all’inserimento nel mercato del lavoro offerte dal Centro per l’impiego",B,,Se “Sì” a B24,transfer_income,,
84,B35C,RDCPAT3,"Durante il periodo di percezione del Reddito/Pensione di Cittadinanza (anche in anni precedenti al 2022), Lei o qualche altro membro della Sua famiglia ha stipulato un Patto di inclusione sociale con il Comune",B,,Se “Sì” a B24,transfer_income,,
85,B36,RDCCONG,Lei o qualche altro membro della Sua famiglia ha ricevuto un’offerta di lavoro congrua (come definita dalla legge sul Reddito di Cittadinanza) tramite il Centro per l’impiego?,B,,Se “Sì” a B35a,labour_market,unemployment,
86,B37,NIDO,Nel corso del 2022 la Sua famiglia ha percepito il bonus asilo nido? Si considerino eventuali importi ricevuti indipendentemente dall’anno scolastico di riferimento per cui sono stati richiesti.,B,,Solo alle famiglie con almeno un figlio di età inferiore a 6 anni nel 2022,transfer_income,,
87,B38,NIDOAMM,Ammontare complessivamente ricevuto per il bonus asilo nido nel corso del 2022,B,,Se “Sì” a B37,transfer_income,,
88,B39,NIDOELEG,Nel corso del 2022 nella Sua famiglia qualche minore ha frequentato l’asilo nido?,B,,Solo alle famiglie con almeno un figlio di età inferiore a 4 anni nel 2022,demographics,education,
89,B40,VARRED,"Considerando il reddito complessivo della Sua famiglia nel 2022, Lei direbbe che è stato insolitamente alto, insolitamente basso o in linea rispetto al reddito annuo che pensava di percepire in un anno “normale”?",B,,,transfer_income,earnings,
90,B41,VARREDFINE2,"Pensi al reddito complessivo della Sua famiglia nel 2023. Lei direbbe che sarà più alto, più basso o in linea rispetto al reddito annuo che ha percepito nel 2022?",B,,,transfer_income,earnings,
91,B42,ASPRED,"Nel corso del corrente anno, 2023, Lei si attende che il reddito complessivo della Sua famiglia cresca più dei prezzi, meno dei prezzi o circa quanto i prezzi?",B,,,transfer_income,earnings,
92,B4.1,TIPOPEN,Tipo di pensione percepita nel 2022,B4,,,transfer_income,,
93,B4.2,ENTEPEN,Ente che pagava la pensione nel 2022,B4,,,transfer_income,,
94,B4.3,DECOR,Da quale anno riceve questa pensione?,B4,,,transfer_income,demographics,
95,B4.4,TPENS,Importo di pensione mensile percepito al netto delle imposte,B4,,,transfer_income,,
96,B4.5,MESIPEN,Numero di mensilità per il quale ha ricevuto la pensione,B4,,,transfer_income,,
97,B4.6,ARRET,Nel 2022 ha ricevuto arretrati di pensione oltre alle normali mensilità,B4,,,transfer_income,,
98,B4.7,TARRET,Ammontare degli interessi di pensione ricevuti nel 2022 ,B4,,Se “Sì” a ARRET,transfer_income,,
99,B4.8,QUOTAPE,"Quale percentuale rappresentava la Sua prima mensilità di pensione rispetto al suo ultimo stipendio (compenso medio mensile, per gli indipendenti)?",B4,,Se “1” a TIPOPEN,transfer_income,earnings,
100,D01,ANABIT,Da che anno la Sua famiglia vive in questa abitazione?,D,,,housing,demographics,
101,D02,GODABIT,"Termini di occupazione dell’abitazione al 31-12-2022 (affitto, proprietà, ecc...)",D,,,housing,,
102,D03,UNIPRO,La Sua famiglia è l'unica proprietaria di questa abitazione?,D,,Se 1 a D02,housing,,
103,D04,QUOPRO,Qual è la quota di proprietà dell’abitazione della Sua famiglia?,D,,,housing,,
104,D05a,ASCLIMA,"Lei o qualcuno della Sua famiglia aveva stipulato per questa abitazione un’assicurazione contro: Rischi climatici (ad es. frane, alluvioni)",D,,Se 1 o 3 a D02,housing,insurance,natural_disasters
105,D05b,ASSISMA,Lei o qualcuno della Sua famiglia aveva stipulato per questa abitazione un’assicurazione contro: Eventi sismici,D,,Se 1 o 3 a D02,housing,insurance,natural_disasters
106,D06,ANPOSS,Anno di acquisito della proprietà dell’abitazione,D,,,housing,,
107,D07,PRO1…9,Fra i componenti della Sua famiglia chi è/sono il/i proprietario/i dell'abitazione?,D,,,housing,,
108,D08,POSS1,Come ha acquisito la proprietà dell'abitazione?,D,,,housing,,
109,D09,IMPACQ2,Quanto valeva l’intero immobile al momento in cui la Sua famiglia ne ha acquisito la proprietà?,D,,,housing,assets,
110,D10,FITTONOP,La Sua famiglia ha pagato nel 2022 un affitto per la parte non di proprietà della Sua famiglia?,D,,Se 1 o 3 a D02 e “No” a D03,housing,house_rental,expenses
111,D11,TFITTONOP,"Escludendo le spese di condominio e di riscaldamento e le altre spese varie, quanto ha pagato al mese nel 2022 per l'affitto della parte non di proprietà della Sua famiglia?",D,,Se 1 o 3 a D02 e “No” a D03,housing,house_rental,expenses
112,D12,TFITTO,"Quanto ha pagato al mese nel 2022 per l'affitto, escludendo le spese di condominio e di riscaldamento e le altre spese varie?",D,,Se 2 a D02,housing,house_rental,expenses
113,D13,TIPOAFF2,Tipo di contratto di affitto,D,,Se 2 a D02,housing,house_rental,
114,D14,DFITTOM,"Secondo Lei, l’affitto che paga la Sua famiglia è inferiore al prezzo di mercato?",D,,Se 2 a D02 o “Sì” a D10,housing,house_rental,
115,D15,TFITTOM,"Se avesse un affitto al prezzo di mercato, quanto pensa che dovrebbe pagare al mese? (escluse le spese di condominio, di riscaldamento e altre spese varie).",D,,Se “Sì” a D14,housing,house_rental,
116,D16,PROPRIET2,Proprietario della casa/appartamento abitata dalla famiglia al 31-12-2022,D,,Se 2 o 4 o 5 a D02,housing,assets,
117,D17,TFITIMP,"Se, per ipotesi, volesse affittare questa abitazione, quale canone mensile di affitto potrebbe ottenere, secondo Lei, la Sua famiglia? Escluda le spese condominiali, di riscaldamento, imposte e tasse e le altre spese varie.",D,,Se 1 o 3 o 4 o 5 a D02,housing,house_rental,passive_income
118,D18,RITAFF,Nel corso del 2022 ci sono stati momenti o periodi in cui la Sua famiglia è stata in arretrato per un periodo prolungato (almeno 90 giorni) con il pagamento dell’affitto dell’abitazione in cui vive?,D,,Se “Sì” a D10 o 2 a D02,housing,house_rental,expenses
119,D19,SUPAB,Qual è la superficie calpestabile (in MQ) di questa abitazione/ appartamento?,D,,,housing,,
120,D20,ANCOSTR,Anno di costruzione dell’immobile,D,,,housing,,
121,D21,BAGNI,Numero di bagni di cui è dotata l’abitazione,D,,,housing,,
122,D22,VALABIT,"A Suo giudizio a quanto potrebbe essere venduta, libera, l’intera abitazione in cui abita? E cioè quanto può valere oggi l’abitazione in cui abita (considerando anche eventuali cantine, box e solai annessi)?",D,,,housing,assets,
123,D23,TRASFAB,A partire dal 2020 ha pensato di cambiare casa o lo ha già fatto?,D,,,housing,,
124,D24,TRASFAB_MOT,Per quale motivo ha cambiato/pensa di cambiare abitazione?,D,,Se “Sì” a D23,housing,,
125,D25a,ALTRAB,"Possiede altre abitazioni di proprietà (diverse da quella in cui abita la famiglia), abitazioni per villeggiatura, date in affitto, prestate a parenti o amici, per uso professionale o concesse in usufrutto",D,,,housing,assets,
126,D25b,NALTRAB,"Numero altre abitazioni di proprietà (diverse da quella in cui abita la famiglia), abitazioni per villeggiatura, date in affitto, prestate a parenti o amici, per uso professionale o concesse in usufrutto",D,,,housing,assets,
127,D25c,ALTRFAB,"Possiede altri fabbricati o locali (negozi, uffici, alberghi, magazzini, garage, box, capannoni)",D,,,housing,assets,
128,D25d,NALTRFAB,"Numero  altri fabbricati o locali (negozi, uffici, alberghi, magazzini, garage, box, capannoni)",D,,,housing,assets,
129,D25e,TERAGR,"Possiede terreni agricoli (uniti o separati dalla casa, destinati ad uso agricolo)",D,,,housing,assets,
130,D25f,NTERAGR,"Numero terreni agricoli (uniti o separati dalla casa, destinati ad uso agricolo)",D,,,housing,assets,
131,D25g,TERNAGR,Terreni non agricoli (con o senza fabbricati),D,,,housing,assets,
132,D25h,NTERNAGR,Numero terreni non agricoli (con o senza fabbricati),D,,,housing,assets,
133,D26a,DETRIMM1,Nel 2022 la Sua famiglia ha goduto del Bonus ristrutturazioni (50%),D,,,housing,transfer_income,
134,D26b,DETRIMM2,Nel 2022 la Sua famiglia ha goduto del Ecobonus (50% o 65%),D,,,housing,transfer_income,
135,D26c,DETRIMM3,Nel 2022 la Sua famiglia ha goduto del Superbonus (110%),D,,,housing,transfer_income,
136,D26d,DETRIMM4,Nel 2022 la Sua famiglia ha goduto del Bonus facciate,D,,,housing,transfer_income,
137,D26e,DETRIMM5,Nel 2022 la Sua famiglia ha goduto del Bonus mobili ed elettrodomestici,D,,,housing,transfer_income,
138,D26f,DETRIMM6,Nel 2022 la Sua famiglia ha goduto del Bonus verde (giardini e terrazzi),D,,,housing,transfer_income,
139,D26g,DETRIMM7,Nel 2022 la Sua famiglia ha goduto del Bonus prima casa under 36,D,,,housing,transfer_income,
140,D27,PROBCLIMA,"Secondo Lei, qual è la probabilità che nei prossimi 5 anni si verifichino eventi estremi legati al cambiamento climatico (ad esempio, alluvioni, siccità, frane, incendi, etc.) che abbiano un qualche impatto diretto sulle entrate (reddito) o sui beni posseduti (patrimonio) della Sua famiglia? (Non consideri l’eventuale aumento delle spese. Non consideri eventi quali terremoti o pandemie. Risponda tra un minimo di “0” se crede che l’evento non si verificherà e un massimo di “100” se crede che l’evento si verificherà sicuramente). ",D,,,natural_disasters,,
141,D28a,REDCLIMA,Quale sarebbe l’impatto di tali eventi sul reddito della Sua famiglia?,D,,Se D27 > 0,earnings,passive_income,natural_disasters
142,D28b,PATCLIMA,Quale sarebbe l’impatto di tali eventi sul patrimonio della Sua famiglia?,D,,Se D27 > 0,assets,passive_income,natural_disasters
143,D29,ANTIC,"Nel corso del 2022 la Sua famiglia ha versato anticipi per immobili (tutti i tipi, anche quelli non destinati ad abitazione) dei quali non aveva ancora la proprietà al 31 dicembre 2022?",D,,,housing,capital_transfer,
144,D30,ANTICIPI,"Quale importo è stato versato per immobili, nel corso del 2022?",D,,"Se ""Sì"" a D29",housing,capital_transfer,
145,D31a,DEBITA1,"Al 31-12-2022 la Sua famiglia aveva nei confronti di Banche, Società finanziarie o altri Istituti debiti per l'acquisto o ristrutturazione dell’abitazione di residenza?",D,,Se 1 o 3 o 4 o 5 a D02,debt_and_loan,housing,
146,D31b,NDEBITA1,"Numero di debiti nei confronti di Banche, Società finanziarie o altri Istituti per l’acquisto o ristrutturazione dell’abitazione di residenza",D,,Se “Sì” a D31,debt_and_loan,housing,
147,D32,FONDGAR,Per almeno uno di questi debiti ha richiesto di accedere al fondo di garanzia per l’acquisto della prima casa?,D,,Se “Sì” a D31,debt_and_loan,housing,
148,D33a,DEBITA2,"Al 31-12-2022 la Sua famiglia aveva nei confronti di Banche, Società finanziarie o altri Istituti debiti per l'acquisto o ristrutturazione di altri immobili?",D,,,debt_and_loan,housing,
149,D33b,NDEBITA2,"Numero di debiti nei confronti di Banche, Società finanziarie o altri Istituti per l’acquisto o ristrutturazione di altri immobili",D,,,debt_and_loan,housing,
150,D34a,DEBITC,Al 31-12-2022 la Sua famiglia aveva debiti per l'acquisto di mezzi di trasporto (come auto)?,D,,,debt_and_loan,transportation,
151,D34b,NDEBITC,Quanti debiti aveva la Sua famiglia per l'acquisto di mezzi di trasporto (come auto) al 31-12-2022?,D,,Se “Sì” a D34a,debt_and_loan,transportation,
152,D34c,DEBITD,"Al 31-12-2022 la Sua famiglia aveva debiti per l'acquisto di mobili, elettrodomestici, etc.?",D,,,debt_and_loan,other,housing
153,D34d,NDEBITD,"Quanti debiti aveva la Sua famiglia per l'acquisto di mobili, elettrodomestici, etc. al 31-12-2022?",D,,Se “Sì” a D34c,debt_and_loan,other,
154,D34e,DEBITE,Al 31-12-2022 la Sua famiglia aveva debiti per l'acquisto di beni non durevoli (vacanze)?,D,,,debt_and_loan,other,
155,D34f,NDEBITE,Quanti debiti aveva la Sua famiglia per l'acquisto di beni non durevoli (vacanze) al 31-12-2022?,D,,Se “Sì” a D34e,debt_and_loan,other,
156,D34g,DEBITF,Al 31-12-2022 la Sua famiglia aveva debiti per finanziare altri acquisti o spese quotidiane)?,D,,,debt_and_loan,expenses,other
157,D34h,NDEBITF,Quanti debiti aveva la Sua famiglia per per finanziare altri acquisti o spese quotidiane al 31-12-2022?,D,,Se “Sì” a D34g,debt_and_loan,expenses,other
158,D34i,DEBITG,"Al 31-12-2022 la Sua famiglia aveva debiti per finanziare spese di istruzione (laurea, master)?",D,,,debt_and_loan,education,other
159,D34l,NDEBITG,"Quanti debiti aveva la Sua famiglia per finanziare spese di istruzione (laurea, master) al 31-12-2022?",D,,Se “Sì” a D34i,debt_and_loan,education,other
160,D35,CHIFINMUT1,Motivo di scelta dell’intermediario che Le ha erogato il prestito di importo maggiore per l'acquisto o ristrutturazione di un immobile,D,,Se “Sì” a D31 e/o D33,debt_and_loan,housing,
161,D36,CHIFINCONS1,Motivo di scelta dell’intermediario che Le ha erogato il prestito di importo maggiore per l'acquisto l’acquisto di beni di consumo o servizi,D,,"Se “Sì” a D34a,c,e,g,l",debt_and_loan,other,
162,D37,RITARDO,Nello scorso anno ci sono stati momenti o periodi in cui la Sua famiglia è stata in arretrato con il pagamento di una rata per oltre 90 giorni? Escluda gli arretrati legati al ricorso a una moratoria.,D,,Se “Sì” a D31 o D33 o D34,debt_and_loan,,
163,D38a,CREDIT,Al 31-12-2022 la Sua famiglia aveva dei crediti nei confronti di parenti o amici non conviventi? ,D,,,credit,debt_and_loan,other
164,D38b,TCREDIT,Ammontare di crediti che la Sua famiglia aveva al 31-12-2022 nei confronti di parenti o amici non conviventi? ,D,,Se “Sì” a D38a,credit,debt_and_loan,other
165,D38c,DEBIT,Al 31-12-2022 la Sua famiglia aveva dei debiti nei confronti di parenti o amici non conviventi? ,D,,,debt_and_loan,,
166,D38d,TDEBIT,Ammontare di debiti che la Sua famiglia aveva al 31-12-2022 nei confronti di parenti o amici non conviventi? ,D,,Se “Sì” a D38c,debt_and_loan,,
167,D39,MUTUOR2_BIS,"Nel corso degli ultimi tre anni (2020, 2021 e 2022) la Sua famiglia si è rivolta a una banca o a una società finanziaria per richiedere un prestito o un mutuo?",D,,,debt_and_loan,,
168,D40,FMUTRIF2_BIS,"Quale era la finalità del prestito che aveva richiesto nel corso degli ultimi tre anni (2020, 2021 e 2022)?",D,,Se “Sì” a D39,debt_and_loan,,
169,D41,MUTUOE2_BIS," La richiesta di prestito/mutuo è stata completamente accolta, parzialmente accolta o rifiutata?",D,,Se “Sì” a D39,debt_and_loan,,
170,D42,MUTUORIF2,Quale motivazione è stata fornita per il rifiuto (o parziale rifiuto)?,D,,Se 2 o 3 a D41,debt_and_loan,,
171,D43,REAPMUT2_BIS,"La Sua famiglia è stata successivamente in grado di ottenere la somma necessaria, chiedendo il prestito allo stesso o a un altro intermediario finanziario?",D,,Se 2 o 3 a D41,debt_and_loan,,
172,D44,MUTUORIC2_BIS,"Nel corso degli ultimi tre anni (2020, 2021 e 2022) Lei o qualcuno della Sua famiglia aveva preso in considerazione la possibilità di chiedere un mutuo o un prestito a una Banca o a una società finanziaria, ma poi ha cambiato idea, pensando che la Sua richiesta non sarebbe stata accolta?",D,,Se “No” a D39,debt_and_loan,,
173,D45.1,PARMUTUO1,I genitori di P.R. hanno mai contratto un mutuo per l’acquisto di un’abitazione? ,D,,Se 1 (“P.R.”) a A02,debt_and_loan,,
174,D45.2,PARMUTUO2,I genitori del coniuge/convivente di P.R. hanno mai contratto un mutuo per l’acquisto di un’abitazione? ,D,,Se 2 o 3 (“Coniuge o convivente di P.R.) a A02 ,debt_and_loan,,
175,D45a.1,PARMUTES1,Il mutuo dei genitori di P.R. al quale ha fatto riferimento rientra tra i debiti elencati in precedenza?,D,,Se 1 (“P.R.”) a A02 e Se un “Sì” a Dom. D31 o D33,debt_and_loan,,
176,D45a.2,PARMUTES2,Il mutuo dei genitori del coniuge/convivente di P.R. al quale ha fatto riferimento rientra tra i debiti elencati in precedenza?,D,,Se 2 o 3 (“Coniuge o convivente di P.R.) a A02 e Se un “Sì” a Dom. D31 o D33,debt_and_loan,,
177,D46.1,PARFRA1,P.R aveva o ha fratelli o sorelle che non abitavano con Voi al 31-12-2022?,D,,Se 1 (“P.R.”) a A02,demographics,housing,
178,D46.2,PARFRA2,Il coniuge/convivente di P.R. aveva o ha fratelli o sorelle che non abitavano con Voi al 31-12-2022?,D,,Se 2 o 3 (“Coniuge o convivente di P.R.) a A02 ,demographics,housing,
179,D47.1,NUMFRA1,Quanti fratelli e/o sorelle aveva P.R.?,D,,Se 1 (“P.R.”) a A02 e Se “Sì” a Dom. D46.1,demographics,housing,
180,D47.2,NUMFRA2,Quanti fratelli e/o sorelle aveva il coniuge/convivente di P.R.?,D,,Se 2 o 3 (“Coniuge o convivente di P.R.) a A02 e Se “Sì” a Dom. D46.2,demographics,housing,
181,D48a,PARANN,In che anno è stato stipulato il mutuo dei genitori?,D,,Se “Sì” a D45.1 o a D45.2 ed età<55,debt_and_loan,housing,
182,D48b,PARDEC,In che decade è stato stipulato il mutuo dei genitori?,D,,Se “Sì” a D45.1 o a D45.2 ed età<55,debt_and_loan,housing,
183,D49a,PARDUR,Ricorda approssimativamente la durata iniziale del mutuo dei genitori?,D,,Se “Sì” a D45.1 o a D45.2 ed età<55,debt_and_loan,housing,
184,D49b,PARDUR_1,Non ricorda la durata del mutuo dei genitori,D,,Se “Sì” a D45.1 o a D45.2 ed età<55,debt_and_loan,housing,
185,D50,PARTAS,Che tipo di tasso era previsto dal mutuo dei genitori?,D,,Se “Sì” a D45.1 o a D45.2 ed età<55,debt_and_loan,housing,
186,D51,PARPOSS,"Nesso tra abitazione della famiglia e genitori (acquistata dai genitori/vendendo immobile dei genitori, etc)",D,,Se “Sì” a D45.1 o a D45.2 ed età<55,debt_and_loan,housing,capital_transfer
187,D52,PARPOSSCHI,Lei mi ha detto che l’abitazione in cui risiede è stata in parte acquistata e in parte avuta in eredità. Da chi è stata venduta la parte acquistata?,D,,Se 2 a D51 e 2 a D08,housing,capital_transfer,debt_and_loan
188,D1.0,nordimm,Numero d’ordine dell’immobile,D1,,,housing,assets,keys
189,D1.1,TIPOIMM,Tipo di bene immobile posseduto,D1,,,housing,assets,
190,D1.4,ANPOSS,In che anno ha acquisito la proprietà di questo immobile?,D1,,,housing,assets,
191,D1.5,SUPAB,Superficie in metri quadrati dell’immobile,D1,,,housing,assets,
192,D1.6a,SUPTE,Superficie in ettari del terreno,D1,,,housing,assets,
193,D1.6b,SUPTM,Superficie in metri quadrati del terreno (se inferiore all'ettaro),D1,,,housing,assets,
194,D1.7,USOIMM,A quale uso era destinato principalmente l'immobile nel 2022?,D1,,,housing,assets,
195,D1.8,VALABIT,"A quanto potrebbe essere venduto l'immobile complessivamente, cioè a quanto lo valuta ""libero""?",D1,,,housing,assets,capital_transfer
196,D1.9,AFFITTO,Nel corso del 2022 ha dato l'immobile in affitto?,D1,,,housing,passive_income,assets
197,D1.10,AFFCHI,A chi ha dato in affitto l’immobile? ,D1,,"Se ""Sì"" a D1.9",housing,passive_income,assets
198,D1.11,AFFMESI,Per quanti mesi ha dato in affitto l’immobile? ,D1,,,housing,passive_income,assets
199,D1.12,AFFEFF,Qual è l'affitto che la Sua famiglia ha percepito complessivamente nel 2022 al netto delle tasse?,D1,,"Se ""No"" a D1.9 o se D1.11<12 mesi",housing,passive_income,assets
200,D1.13,AFFIMP,"Se per ipotesi volesse affittare questo immobile, quale canone annuale di affitto potrebbe ottenere la Sua famiglia complessivamente nell’anno al netto delle tasse? ",D1,,,housing,passive_income,assets
202,D1.15,IMMDOVE,L’immobile si trova in questa regione?,D1,,,housing,assets,
203,D1.16,IMMREG,Dove si trova l’immobile (regione)?,D1,,Se “No” a D1.15,housing,assets,
204,D1.17,IMMEST,Dove si trova l’immobile (estero)?,D1,,Se “No” a D1.15,housing,assets,
205,D1_B.1,QUANTIMM,"Quanti altri immobili, come abitazioni, uffici capannoni/magazzini, box, terreni possiede la Sua famiglia, escluda sia l’abitazione dove vive la famiglia sia gli immobili inclusi nell’allegato D1",D1_B,,,housing,assets,
206,D1_B.2,VALABITC,"A quanto potrebbero essere venduti questi immobili non inclusi nell’allegato D1, cioè a quanto li valuta ""liberi""? Consideri esclusivamente le quote di proprietà della Sua famiglia.",D1_B,,,housing,assets,capital_transfer
207,D1_B.3,AFFITTOC2,Nel corso del 2022 ha dato uno o più di questi immobili o terreni non inclusi nell’allegato D1 in affitto?,D1_B,,,housing,passive_income,assets
208,D1_B.4,AFFEFFC2,"Per questi immobili o terreni affittati non inclusi nell’allegato D1, qual è l'affitto che la Sua famiglia ha percepito nel 2022 al netto delle tasse?",D1_B,,Se “1” o “2” a D1_B.3,housing,passive_income,assets
209,D1_B.5,AFFIMPC2,"Se per ipotesi volesse affittare gli immobili o terreni sfitti non inclusi nell’allegato D1, quale canone annuale di affitto potrebbe ottenere la Sua famiglia al netto delle tasse?",D1_B,,Se “1” o “2” a D1_B.3,housing,passive_income,assets
