B22,NACE
Modalità,Descrizione
1,"Agricoltura, silvicoltura e pesca"
2,Attività estrattive
3,Attività manifatturiere
4,"Fornitura di energia elettrica, gas, vapore e aria condizionata"
5,"Fornitura di acqua; reti fognarie, attività di trattamento dei rifiuti e risanamto"
6,Costruzioni
7,"Commercio all’ingrosso e al dettaglio, riparazioni di autoveicoli e motocicli"
8,Trasporto e magazzinaggio
9,Servizi di alloggio e di ristorazione
10,Servizi di informazione e comunicazione
11,Attività finanziarie e assicurative
12,Attività immobiliari
13,"Attività professionali, scientifiche e tecniche"
14,Attività amministrative e di servizi di supporto
15,"Amministrazione pubblica e difesa, assicurazione sociale obbligatoria"
16,Istruzione
17,Sanità e assistenza sociale
18,"Attività artistiche, di intrattenimento e divertimento"
19,Altre attività di servizi
20,"Attività di famiglie e convivenze come datori di lavoro per personale domestico, produzione di beni e servizi indifferenziati per uso proprio da parte di famiglie e convivenze"
21,Attività di organizzazioni e organismi extraterritoriali
22,Altro
