E22c,ENREACT3
Modalità,Descrizione
1,Riducendo i consumi energetici (ad esempio l’uso del riscaldamento e di elettrodomestici)
2,"Riducendo altre spese (cibo, vestiti, viaggi, etc.)"
3,"Rimandando l’acquisto di un bene durevole (ad esempio una casa, un’automobile, etc.)"
4,Intaccando i risparmi o vendendo attività finanziarie
5,"Ricevendo aiuti/contributi dal Governo o da altre istituzioni pubbliche (ad esempio, Bonus Sociale per bollette elettricità o gas)"
6,Contraendo o rinegoziando un debito
7,Ricevendo aiuto o un prestito da familiari o amici
8,Ritardando il pagamento di alcune bollette
9,"Facendo investimenti per ottenere dei risparmi energetici (ad esempio, isolamento termico dell’abitazione, elettrodomestici, etc.) "
10,I nostri consumi e le nostre abitudini non si sono modificati
11,Altro
