B02,ASNONOC2
Modalità,Descrizione
1,"operaio o posizione similare (inclusi salariati e apprendisti, lavoranti a domicilio, commessi)"
2,impiegato
3,"insegnante di qualunque tipo di scuola (inclusi incaricati, contrattisti e simili)"
4,impiegato direttivo/quadro
5,"dirigente, alto funzionario, preside, direttore didattico, docente universitario, magistrato"
6,libero professionista
7,imprenditore individuale
8,lavoratore in proprio (ad es. artigiano)
9,"titolare, socio-gestore di una società o di una cooperativa"
10,coadiuvante (non alle dipendenze) nella ditta di un familiare convivente
20,"lavoratore atipico (lavoro parasubordinato, collaborazioni occasionali, lavoro accessorio, coadiuvante non alle dipendenze nella ditta di un familiare non convivente o di un amico, etc.)"
22,amministratore/gestore di una impresa di cui non è socio
