C33a3,RISINCERT3
Modalità,Descrizione
1,Riduzione dei servizi offerti dal sistema sanitario pubblico
2,Problemi di salute
3,Perdita del lavoro o diminuzione significativa del reddito da lavoro
4,"Spese rilevanti in beni durevoli (ad esempio, riparazione/necessità di sostituzione di un mezzo di trasporto o ristrutturazione dell’abitazione)"
5,Difficoltà di accesso al credito
6,Aumenti delle tasse e/o imposte
7,Diminuzione dei trasferimenti pubblici (ad es. integrazioni del reddito)
8,"Aumento oltre il previsto dei prezzi dei beni e servizi non differibili (ad esempio, alimentari, bollette, etc…)"
9,Maggiore durata dell’epidemia da Covid-19 o avvento di una nuova pandemia
10,"Altre difficoltà economiche dovute a conflitti internazionali (ad esempio, guerre)"
11,Altro
