B01a,APQUAL2
Modalità,Descrizione
1,"operaio o posizione similare (inclusi salariati e apprendisti, lavoranti a domicilio, commessi)"
2,impiegato
3,"insegnante di qualunque tipo di scuola (inclusi incaricati, contrattisti e simili)"
4,impiegato direttivo/quadro
5,"dirigente, alto funzionario, preside, direttore didattico, docente universitario, magistrato"
6,libero professionista
7,imprenditore individuale
8,lavoratore in proprio (ad es. artigiano)
9,"titolare, socio-gestore di una società o di una cooperativa"
10, coadiuvante (non alle dipendenze) nella ditta di un familiare convivente
11,in cerca di prima occupazione
12,disoccupato
13,casalinga/o
14,benestante
15,pensionato da lavoro
16,pensionato non da lavoro (invalidità/reversibilità/sociale)
17,studente (dalla prima elementare in poi)
18,bambino in età prescolare
19,volontario
20,"lavoratore atipico (lavoro parasubordinato, collaborazioni occasionali, lavoro accessorio, coadiuvante non alle dipendenze nella ditta di un familiare non convivente o di un amico, etc.)"
21,altro non occupato
22,amministratore/gestore di una impresa di cui non è socio
