A02,PARENT
Modalità,Descrizione
1,persona di riferimento (P.R.)
2,coniuge o parte dell’unione civile della P.R.
3,convivente della P.R.
4,genitore della P.R.
5,genitore del coniuge/convivente della P.R.
6,figlio della P.R. e dell’attuale coniuge/convivente
7,figlio della P.R. o del suo coniuge/convivente nato da precedente convivenza
8,coniuge/convivente del figlio della P.R o del suo coniuge/convivente
9,nipote (=figlio del figlio) della P.R o del suo coniuge/convivente
10,nipote (=figlio del fratello/sorella) della P.R o del suo coniuge/convivente
11,fratello/sorella della P.R.
12,fratello/sorella del coniuge/convivente della P.R.
13,coniuge/convivente del fratello/sorella della P.R o del suo coniuge/convivente
14,altro componente legato da parentela con la P.R o con il suo coniuge/convivente
15,altro componente non legato da parentela con la P.R.
